"","Order","State","small_area_estimate","rate_lower","rate_upper","Map.Group","type"
"1",1,"Total United States",6.6,6.43,6.78,1,"Alcohol"
"2",2,"Northeast",6.69,6.35,7.04,2,"Alcohol"
"3",3,"Midwest",6.76,6.48,7.05,2,"Alcohol"
"4",4,"South",6.23,5.97,6.5,2,"Alcohol"
"5",5,"West",6.98,6.62,7.36,2,"Alcohol"
"6",6,"Alabama",5.81,5,6.73,3,"Alcohol"
"7",7,"Alabama",5.82,4.62,7.31,4,"Alcohol"
"8",8,"Alabama",5.89,4.78,7.24,4,"Alcohol"
"9",9,"Alabama",5.54,4.46,6.86,4,"Alcohol"
"10",10,"Alabama",5.89,4.72,7.32,4,"Alcohol"
"11",11,"Alaska",7.4,6.39,8.54,3,"Alcohol"
"12",12,"Alaska",7.56,6.26,9.1,4,"Alcohol"
"13",13,"Alaska",7.82,6.3,9.67,4,"Alcohol"
"14",14,"Alaska",6.83,5.45,8.54,4,"Alcohol"
"15",15,"Alaska",7.26,5.63,9.31,4,"Alcohol"
"16",16,"Arizona",7.45,6.41,8.63,3,"Alcohol"
"17",17,"Arizona",7.61,6.33,9.11,4,"Alcohol"
"18",18,"Arizona",7.71,6.14,9.63,4,"Alcohol"
"19",19,"Arizona",6.97,5.4,8.96,4,"Alcohol"
"20",20,"Arizona",6.84,5.39,8.65,4,"Alcohol"
"21",21,"Arkansas",5.5,4.71,6.41,3,"Alcohol"
"22",22,"Arkansas",6.08,4.85,7.58,4,"Alcohol"
"23",23,"Arkansas",5.26,4.05,6.8,4,"Alcohol"
"24",24,"Arkansas",5.2,4.11,6.57,4,"Alcohol"
"25",25,"Arkansas",5.97,4.61,7.7,4,"Alcohol"
"26",26,"Arkansas",5.68,4.47,7.18,4,"Alcohol"
"27",27,"Arkansas",5.26,4.05,6.8,4,"Alcohol"
"28",28,"Arkansas",4.93,3.76,6.45,4,"Alcohol"
"29",29,"Arkansas",5.33,4.19,6.75,4,"Alcohol"
"30",30,"California",6.81,6.26,7.4,3,"Alcohol"
"31",31,"California",7.31,5.91,9.01,4,"Alcohol"
"32",32,"California",7,5.71,8.55,4,"Alcohol"
"33",33,"California",6.48,5.24,7.98,4,"Alcohol"
"34",34,"California",7.17,5.89,8.7,4,"Alcohol"
"35",35,"California",8.83,7.05,11.01,4,"Alcohol"
"36",36,"California",6.24,5.09,7.62,4,"Alcohol"
"37",37,"California",6.53,5.28,8.06,4,"Alcohol"
"38",38,"California",7.05,5.77,8.58,4,"Alcohol"
"39",39,"California",6.29,5.01,7.87,4,"Alcohol"
"40",40,"California",7.2,5.85,8.84,4,"Alcohol"
"41",41,"California",6.9,6.21,7.67,5,"Alcohol"
"42",42,"California",7.6,6.16,9.34,4,"Alcohol"
"43",43,"California",6.36,5.2,7.76,4,"Alcohol"
"44",44,"California",6.36,5.23,7.71,4,"Alcohol"
"45",45,"California",8.34,6.75,10.26,4,"Alcohol"
"46",46,"California",7.05,5.67,8.75,4,"Alcohol"
"47",47,"California",6.49,5.33,7.9,4,"Alcohol"
"48",48,"California",6.97,5.68,8.53,4,"Alcohol"
"49",49,"California",6.37,5.1,7.93,4,"Alcohol"
"50",50,"California",6.43,5.34,7.72,4,"Alcohol"
"51",51,"California",7.03,5.87,8.4,4,"Alcohol"
"52",52,"California",6.67,5.42,8.18,4,"Alcohol"
"53",53,"California",6.64,5.5,8.01,4,"Alcohol"
"54",54,"California",6.52,5.37,7.89,4,"Alcohol"
"55",55,"California",6.3,5.21,7.6,4,"Alcohol"
"56",56,"California",6.47,5.24,7.97,4,"Alcohol"
"57",57,"California",7.14,5.8,8.77,4,"Alcohol"
"58",58,"Colorado",7.83,6.83,8.97,3,"Alcohol"
"59",59,"Colorado",8.01,6.38,10.03,4,"Alcohol"
"60",60,"Colorado",8.17,6.91,9.64,4,"Alcohol"
"61",61,"Colorado",7.09,5.66,8.86,4,"Alcohol"
"62",62,"Colorado",6.72,5.22,8.62,4,"Alcohol"
"63",63,"Colorado",7.42,5.85,9.38,4,"Alcohol"
"64",64,"Connecticut",6.95,5.99,8.05,3,"Alcohol"
"65",65,"Connecticut",7.83,6.25,9.75,4,"Alcohol"
"66",66,"Connecticut",6.99,5.64,8.62,4,"Alcohol"
"67",67,"Connecticut",6.42,5.05,8.13,4,"Alcohol"
"68",68,"Connecticut",6.93,5.52,8.68,4,"Alcohol"
"69",69,"Connecticut",6.85,5.4,8.67,4,"Alcohol"
"70",70,"Delaware",6.66,5.77,7.67,3,"Alcohol"
"71",71,"Delaware",6.6,5.29,8.22,4,"Alcohol"
"72",72,"Delaware",6.91,5.83,8.17,4,"Alcohol"
"73",73,"Delaware",5.98,4.72,7.55,4,"Alcohol"
"74",74,"Delaware",7.03,5.42,9.08,4,"Alcohol"
"75",75,"District of Columbia",10.66,9.34,12.14,3,"Alcohol"
"76",76,"District of Columbia",13.58,11.07,16.56,4,"Alcohol"
"77",77,"District of Columbia",13.91,11.35,16.95,4,"Alcohol"
"78",78,"District of Columbia",11.41,9.28,13.96,4,"Alcohol"
"79",79,"District of Columbia",9.1,7.22,11.42,4,"Alcohol"
"80",80,"District of Columbia",9.9,7.96,12.25,4,"Alcohol"
"81",81,"District of Columbia",10.54,8.39,13.16,4,"Alcohol"
"82",82,"District of Columbia",8.05,6.23,10.33,4,"Alcohol"
"83",83,"District of Columbia",8.1,6.38,10.25,4,"Alcohol"
"84",84,"Florida",6.07,5.51,6.68,3,"Alcohol"
"85",85,"Florida",5.81,4.7,7.17,4,"Alcohol"
"86",86,"Florida",6.46,5.54,7.53,5,"Alcohol"
"87",87,"Florida",6.45,5.32,7.79,4,"Alcohol"
"88",88,"Florida",6.49,5.27,7.96,4,"Alcohol"
"89",89,"Florida",6.18,5.44,7.02,5,"Alcohol"
"90",90,"Florida",6.1,4.87,7.61,4,"Alcohol"
"91",91,"Florida",5.32,4.22,6.68,4,"Alcohol"
"92",92,"Florida",6.45,5.02,8.26,4,"Alcohol"
"93",93,"Florida",6.9,5.7,8.34,4,"Alcohol"
"94",94,"Florida",5.89,4.65,7.43,4,"Alcohol"
"95",95,"Florida",6.3,5.53,7.17,5,"Alcohol"
"96",96,"Florida",6.54,5.32,8,4,"Alcohol"
"97",97,"Florida",5.27,4.21,6.58,4,"Alcohol"
"98",98,"Florida",6.63,5.3,8.27,4,"Alcohol"
"99",99,"Florida",7.33,6,8.93,4,"Alcohol"
"100",100,"Florida",7.04,6.04,8.18,5,"Alcohol"
"101",101,"Florida",6.99,5.57,8.74,4,"Alcohol"
"102",102,"Florida",7.48,6.08,9.16,4,"Alcohol"
"103",103,"Florida",6.5,5.13,8.19,4,"Alcohol"
"104",104,"Florida",5.01,4.05,6.18,4,"Alcohol"
"105",105,"Florida",5.79,4.82,6.94,5,"Alcohol"
"106",106,"Florida",5.82,4.66,7.26,4,"Alcohol"
"107",107,"Florida",5.72,4.53,7.21,4,"Alcohol"
"108",108,"Georgia",5.87,5.08,6.79,3,"Alcohol"
"109",109,"Georgia",5.54,4.47,6.84,4,"Alcohol"
"110",110,"Georgia",5.81,4.64,7.26,4,"Alcohol"
"111",111,"Georgia",6.47,5.19,8.04,4,"Alcohol"
"112",112,"Georgia",5.32,4.18,6.75,4,"Alcohol"
"113",113,"Georgia",5.86,4.61,7.42,4,"Alcohol"
"114",114,"Georgia",5.53,4.37,6.98,4,"Alcohol"
"115",115,"Hawaii",6.94,5.96,8.06,3,"Alcohol"
"116",116,"Hawaii",6.71,5.16,8.68,4,"Alcohol"
"117",117,"Hawaii",7,5.89,8.29,4,"Alcohol"
"118",118,"Hawaii",6.89,5.34,8.86,4,"Alcohol"
"119",119,"Hawaii",6.89,5.4,8.77,4,"Alcohol"
"120",120,"Idaho",6.67,5.81,7.65,3,"Alcohol"
"121",121,"Idaho",6.05,4.76,7.66,4,"Alcohol"
"122",122,"Idaho",8,6.27,10.16,4,"Alcohol"
"123",123,"Idaho",5.75,4.55,7.23,4,"Alcohol"
"124",124,"Idaho",7.81,6.37,9.53,4,"Alcohol"
"125",125,"Idaho",5.63,4.43,7.14,4,"Alcohol"
"126",126,"Idaho",7.17,5.68,9.01,4,"Alcohol"
"127",127,"Idaho",6,4.77,7.52,4,"Alcohol"
"128",128,"Illinois",6.46,5.91,7.07,3,"Alcohol"
"129",129,"Illinois",6.88,6,7.89,4,"Alcohol"
"130",130,"Illinois",5.8,5.02,6.7,4,"Alcohol"
"131",131,"Illinois",6.85,5.75,8.13,4,"Alcohol"
"132",132,"Illinois",6.36,5.21,7.75,4,"Alcohol"
"133",133,"Illinois",6.48,5.34,7.85,4,"Alcohol"
"134",134,"Indiana",6.96,6.08,7.95,3,"Alcohol"
"135",135,"Indiana",7.35,5.96,9.02,4,"Alcohol"
"136",136,"Indiana",6.52,5.11,8.28,4,"Alcohol"
"137",137,"Indiana",6.72,5.42,8.3,4,"Alcohol"
"138",138,"Indiana",7.15,5.68,8.97,4,"Alcohol"
"139",139,"Indiana",6.02,4.74,7.62,4,"Alcohol"
"140",140,"Indiana",6.39,5.05,8.06,4,"Alcohol"
"141",141,"Indiana",6.72,5.28,8.52,4,"Alcohol"
"142",142,"Indiana",8.17,6.57,10.11,4,"Alcohol"
"143",143,"Iowa",6.45,5.54,7.49,3,"Alcohol"
"144",144,"Iowa",6.11,4.86,7.64,4,"Alcohol"
"145",145,"Iowa",6.83,5.39,8.62,4,"Alcohol"
"146",146,"Iowa",6.5,5.24,8.03,4,"Alcohol"
"147",147,"Iowa",6.45,5.04,8.21,4,"Alcohol"
"148",148,"Iowa",6.56,5.21,8.23,4,"Alcohol"
"149",149,"Iowa",6.28,4.92,7.97,4,"Alcohol"
"150",150,"Kansas",7.06,6.1,8.15,3,"Alcohol"
"151",151,"Kansas",6.83,5.55,8.39,4,"Alcohol"
"152",152,"Kansas",7.71,6.2,9.56,4,"Alcohol"
"153",153,"Kansas",6.24,4.89,7.93,4,"Alcohol"
"154",154,"Kansas",7.21,5.59,9.24,4,"Alcohol"
"155",155,"Kansas",7.71,6.04,9.78,4,"Alcohol"
"156",156,"Kansas",6.88,5.4,8.72,4,"Alcohol"
"157",157,"Kentucky",5.75,4.97,6.65,3,"Alcohol"
"158",158,"Kentucky",5.78,4.58,7.28,4,"Alcohol"
"159",159,"Kentucky",5.72,4.62,7.07,4,"Alcohol"
"160",160,"Kentucky",5.54,4.35,7.05,4,"Alcohol"
"161",161,"Kentucky",5.6,4.4,7.1,4,"Alcohol"
"162",162,"Kentucky",5.42,4.27,6.86,4,"Alcohol"
"163",163,"Kentucky",6.11,4.87,7.64,4,"Alcohol"
"164",164,"Louisiana",6.36,5.5,7.35,3,"Alcohol"
"165",165,"Louisiana",6.98,5.73,8.48,5,"Alcohol"
"166",166,"Louisiana",7.42,5.79,9.47,4,"Alcohol"
"167",167,"Louisiana",6.52,5.11,8.29,4,"Alcohol"
"168",168,"Louisiana",6.12,4.94,7.56,4,"Alcohol"
"169",169,"Louisiana",5.96,4.61,7.66,4,"Alcohol"
"170",170,"Louisiana",6.78,5.44,8.43,4,"Alcohol"
"171",171,"Louisiana",5.71,4.58,7.1,4,"Alcohol"
"172",172,"Maine",5.96,5.09,6.97,3,"Alcohol"
"173",173,"Maine",5.95,4.76,7.43,5,"Alcohol"
"174",174,"Maine",5.85,4.47,7.63,4,"Alcohol"
"175",175,"Maine",6.03,4.59,7.89,4,"Alcohol"
"176",176,"Maine",5.57,4.32,7.15,4,"Alcohol"
"177",177,"Maine",6.64,5.25,8.37,4,"Alcohol"
"178",178,"Maine",5.46,4.19,7.08,4,"Alcohol"
"179",179,"Maine",6.41,5.06,8.09,4,"Alcohol"
"180",180,"Maine",5.87,4.62,7.43,4,"Alcohol"
"181",181,"Maine",5.42,4.3,6.81,4,"Alcohol"
"182",182,"Maryland",6.74,5.81,7.8,3,"Alcohol"
"183",183,"Maryland",6.83,5.32,8.72,4,"Alcohol"
"184",184,"Maryland",7.69,6.09,9.67,4,"Alcohol"
"185",185,"Maryland",7.22,5.67,9.14,4,"Alcohol"
"186",186,"Maryland",6.43,5.06,8.14,4,"Alcohol"
"187",187,"Maryland",6.37,4.94,8.17,4,"Alcohol"
"188",188,"Maryland",6.05,4.7,7.76,4,"Alcohol"
"189",189,"Maryland",6.79,5.3,8.66,4,"Alcohol"
"190",190,"Maryland",6.19,4.82,7.92,4,"Alcohol"
"191",191,"Maryland",6.8,5.37,8.58,4,"Alcohol"
"192",192,"Massachusetts",7.07,6.14,8.12,3,"Alcohol"
"193",193,"Massachusetts",9.15,7.37,11.3,4,"Alcohol"
"194",194,"Massachusetts",7.05,5.56,8.91,4,"Alcohol"
"195",195,"Massachusetts",7.45,5.98,9.24,4,"Alcohol"
"196",196,"Massachusetts",6.93,5.56,8.61,4,"Alcohol"
"197",197,"Massachusetts",5.98,4.73,7.54,4,"Alcohol"
"198",198,"Massachusetts",6.21,4.91,7.82,4,"Alcohol"
"199",199,"Michigan",6.52,5.94,7.15,3,"Alcohol"
"200",200,"Michigan",7.77,6.24,9.62,4,"Alcohol"
"201",201,"Michigan",5.93,4.72,7.42,4,"Alcohol"
"202",202,"Michigan",6.85,5.76,8.14,4,"Alcohol"
"203",203,"Michigan",6.18,5.07,7.52,4,"Alcohol"
"204",204,"Michigan",6.96,5.96,8.11,4,"Alcohol"
"205",205,"Michigan",6.24,5.12,7.57,4,"Alcohol"
"206",206,"Michigan",6.36,5.28,7.65,4,"Alcohol"
"207",207,"Michigan",6.62,5.45,8.03,4,"Alcohol"
"208",208,"Michigan",6.21,5.07,7.6,4,"Alcohol"
"209",209,"Michigan",6.09,5.04,7.35,4,"Alcohol"
"210",210,"Minnesota",6.6,5.72,7.61,3,"Alcohol"
"211",211,"Minnesota",6.54,5.07,8.39,4,"Alcohol"
"212",212,"Minnesota",6.36,5.08,7.93,4,"Alcohol"
"213",213,"Minnesota",6.57,5.29,8.13,4,"Alcohol"
"214",214,"Minnesota",7.14,5.71,8.91,4,"Alcohol"
"215",215,"Minnesota",7.35,5.74,9.37,4,"Alcohol"
"216",216,"Minnesota",5.97,4.83,7.37,4,"Alcohol"
"217",217,"Mississippi",5.92,5.08,6.88,3,"Alcohol"
"218",218,"Mississippi",5.76,4.61,7.19,4,"Alcohol"
"219",219,"Mississippi",5.68,4.4,7.3,4,"Alcohol"
"220",220,"Mississippi",6.54,5.15,8.27,4,"Alcohol"
"221",221,"Mississippi",5.67,4.43,7.22,4,"Alcohol"
"222",222,"Mississippi",5.65,4.34,7.33,4,"Alcohol"
"223",223,"Mississippi",6.06,4.79,7.64,4,"Alcohol"
"224",224,"Mississippi",6.06,4.81,7.62,4,"Alcohol"
"225",225,"Missouri",6.58,5.71,7.57,3,"Alcohol"
"226",226,"Missouri",6.67,5.32,8.33,4,"Alcohol"
"227",227,"Missouri",6.67,5.55,8,5,"Alcohol"
"228",228,"Missouri",6.73,5.39,8.38,4,"Alcohol"
"229",229,"Missouri",6.57,5.2,8.28,4,"Alcohol"
"230",230,"Missouri",7.06,5.86,8.48,5,"Alcohol"
"231",231,"Missouri",7.14,5.68,8.94,4,"Alcohol"
"232",232,"Missouri",6.99,5.55,8.78,4,"Alcohol"
"233",233,"Missouri",6.07,4.77,7.69,4,"Alcohol"
"234",234,"Missouri",5.92,4.67,7.48,4,"Alcohol"
"235",235,"Montana",7.83,6.87,8.92,3,"Alcohol"
"236",236,"Montana",7.96,6.17,10.23,4,"Alcohol"
"237",237,"Montana",8.26,6.64,10.23,4,"Alcohol"
"238",238,"Montana",7.74,6.31,9.47,4,"Alcohol"
"239",239,"Montana",8.1,6.62,9.86,4,"Alcohol"
"240",240,"Montana",7.44,6.16,8.96,4,"Alcohol"
"241",241,"Nebraska",7.76,6.75,8.9,3,"Alcohol"
"242",242,"Nebraska",7.05,5.68,8.72,5,"Alcohol"
"243",243,"Nebraska",7.13,5.49,9.22,4,"Alcohol"
"244",244,"Nebraska",6.98,5.32,9.1,4,"Alcohol"
"245",245,"Nebraska",7.2,5.73,9.03,4,"Alcohol"
"246",246,"Nebraska",6.98,5.48,8.86,4,"Alcohol"
"247",247,"Nebraska",8.25,6.74,10.04,4,"Alcohol"
"248",248,"Nebraska",8.02,6.66,9.61,4,"Alcohol"
"249",249,"Nevada",7.56,6.46,8.83,3,"Alcohol"
"250",250,"Nevada",7.43,6.19,8.89,4,"Alcohol"
"251",251,"Nevada",7.46,6.02,9.22,5,"Alcohol"
"252",252,"Nevada",7.36,5.64,9.55,4,"Alcohol"
"253",253,"Nevada",7.55,5.81,9.76,4,"Alcohol"
"254",254,"Nevada",8.24,6.63,10.2,4,"Alcohol"
"255",255,"New Hampshire",7.7,6.71,8.83,3,"Alcohol"
"256",256,"New Hampshire",7.53,6.32,8.94,4,"Alcohol"
"257",257,"New Hampshire",7.75,6.23,9.61,5,"Alcohol"
"258",258,"New Hampshire",7.31,5.88,9.05,5,"Alcohol"
"259",259,"New Hampshire",8.48,6.76,10.58,4,"Alcohol"
"260",260,"New Hampshire",7.61,6.48,8.93,4,"Alcohol"
"261",261,"New Hampshire",6.62,5.35,8.17,5,"Alcohol"
"262",262,"New Hampshire",8.23,6.81,9.92,5,"Alcohol"
"263",263,"New Jersey",6.5,5.62,7.51,3,"Alcohol"
"264",264,"New Jersey",5.9,4.7,7.38,4,"Alcohol"
"265",265,"New Jersey",6.33,5.09,7.84,4,"Alcohol"
"266",266,"New Jersey",6.9,5.57,8.52,4,"Alcohol"
"267",267,"New Jersey",6.76,5.41,8.43,4,"Alcohol"
"268",268,"New Mexico",7.15,6.17,8.27,3,"Alcohol"
"269",269,"New Mexico",6.59,5.26,8.23,4,"Alcohol"
"270",270,"New Mexico",7.02,5.43,9.02,4,"Alcohol"
"271",271,"New Mexico",7.97,6.5,9.75,4,"Alcohol"
"272",272,"New Mexico",6.24,4.97,7.81,4,"Alcohol"
"273",273,"New Mexico",7.05,5.62,8.8,4,"Alcohol"
"274",274,"New York",6.63,6.04,7.27,3,"Alcohol"
"275",275,"New York",7.12,6.33,8.01,4,"Alcohol"
"276",276,"New York",6.25,5.08,7.66,5,"Alcohol"
"277",277,"New York",6.97,5.85,8.27,5,"Alcohol"
"278",278,"New York",9.23,7.61,11.16,5,"Alcohol"
"279",279,"New York",6.28,5.09,7.72,5,"Alcohol"
"280",280,"New York",6.02,5.26,6.9,4,"Alcohol"
"281",281,"New York",5.6,4.64,6.74,5,"Alcohol"
"282",282,"New York",6.73,5.41,8.34,5,"Alcohol"
"283",283,"New York",6.33,5.14,7.77,5,"Alcohol"
"284",284,"New York",6.45,5.7,7.28,4,"Alcohol"
"285",285,"New York",6.29,5.05,7.82,5,"Alcohol"
"286",286,"New York",6.48,5.34,7.85,5,"Alcohol"
"287",287,"New York",7.2,5.79,8.92,5,"Alcohol"
"288",288,"New York",6.81,5.57,8.3,5,"Alcohol"
"289",289,"New York",5.92,4.78,7.3,5,"Alcohol"
"290",290,"New York",6.48,5.57,7.53,4,"Alcohol"
"291",291,"New York",6.35,5.06,7.93,5,"Alcohol"
"292",292,"New York",6.67,5.29,8.37,5,"Alcohol"
"293",293,"New York",6.42,5.19,7.92,5,"Alcohol"
"294",294,"North Carolina",5.82,5.02,6.74,3,"Alcohol"
"295",295,"North Carolina",5.78,4.56,7.3,4,"Alcohol"
"296",296,"North Carolina",6.36,4.97,8.11,4,"Alcohol"
"297",297,"North Carolina",5.38,4.17,6.91,4,"Alcohol"
"298",298,"North Carolina",5.84,4.54,7.48,4,"Alcohol"
"299",299,"North Carolina",6.64,5.18,8.49,4,"Alcohol"
"300",300,"North Carolina",5.27,4.08,6.77,4,"Alcohol"
"301",301,"North Carolina",5.05,3.91,6.51,4,"Alcohol"
"302",302,"North Carolina",5.62,4.38,7.19,4,"Alcohol"
"303",303,"North Carolina",5.3,4.09,6.84,4,"Alcohol"
"304",304,"North Carolina",6.12,4.73,7.88,4,"Alcohol"
"305",305,"North Carolina",6.06,4.71,7.76,4,"Alcohol"
"306",306,"North Carolina",5.66,4.37,7.32,4,"Alcohol"
"307",307,"North Carolina",5.91,4.57,7.61,4,"Alcohol"
"308",308,"North Carolina",6.15,4.77,7.88,4,"Alcohol"
"309",309,"North Dakota",7.73,6.8,8.78,3,"Alcohol"
"310",310,"North Dakota",7.14,5.88,8.65,4,"Alcohol"
"311",311,"North Dakota",7.12,5.6,9.01,4,"Alcohol"
"312",312,"North Dakota",7.82,6.27,9.72,4,"Alcohol"
"313",313,"North Dakota",8.78,7.18,10.7,4,"Alcohol"
"314",314,"North Dakota",7.42,5.83,9.4,4,"Alcohol"
"315",315,"North Dakota",6.47,5.08,8.22,4,"Alcohol"
"316",316,"North Dakota",8.33,6.95,9.95,4,"Alcohol"
"317",317,"Ohio",6.58,6,7.21,3,"Alcohol"
"318",318,"Ohio",6.37,5.11,7.92,4,"Alcohol"
"319",319,"Ohio",5.62,4.42,7.12,4,"Alcohol"
"320",320,"Ohio",6.18,4.9,7.77,4,"Alcohol"
"321",321,"Ohio",6.95,5.6,8.59,4,"Alcohol"
"322",322,"Ohio",6.04,4.82,7.54,4,"Alcohol"
"323",323,"Ohio",5.77,4.66,7.12,4,"Alcohol"
"324",324,"Ohio",6.17,4.97,7.63,4,"Alcohol"
"325",325,"Ohio",6.77,5.43,8.4,4,"Alcohol"
"326",326,"Ohio",7,5.84,8.38,4,"Alcohol"
"327",327,"Ohio",6.05,4.86,7.52,4,"Alcohol"
"328",328,"Ohio",6.08,4.97,7.43,4,"Alcohol"
"329",329,"Ohio",6.09,4.85,7.62,4,"Alcohol"
"330",330,"Ohio",6.01,4.81,7.47,4,"Alcohol"
"331",331,"Ohio",7.64,6.32,9.2,4,"Alcohol"
"332",332,"Ohio",6.04,4.82,7.55,4,"Alcohol"
"333",333,"Ohio",6.75,5.43,8.35,4,"Alcohol"
"334",334,"Ohio",6.76,5.52,8.26,4,"Alcohol"
"335",335,"Ohio",7.16,5.76,8.87,4,"Alcohol"
"336",336,"Ohio",6.38,5.15,7.86,4,"Alcohol"
"337",337,"Ohio",6.44,5.2,7.97,4,"Alcohol"
"338",338,"Ohio",6.87,5.54,8.5,4,"Alcohol"
"339",339,"Oklahoma",7.25,6.26,8.38,3,"Alcohol"
"340",340,"Oklahoma",7.67,6.1,9.6,4,"Alcohol"
"341",341,"Oklahoma",6.49,5.05,8.3,4,"Alcohol"
"342",342,"Oklahoma",7.13,5.65,8.97,4,"Alcohol"
"343",343,"Oklahoma",7.61,5.96,9.69,4,"Alcohol"
"344",344,"Oklahoma",7.12,5.65,8.93,4,"Alcohol"
"345",345,"Oklahoma",7,5.48,8.9,4,"Alcohol"
"346",346,"Oklahoma",7.62,6.05,9.55,4,"Alcohol"
"347",347,"Oregon",7.07,6.16,8.1,3,"Alcohol"
"348",348,"Oregon",7.83,6.31,9.68,4,"Alcohol"
"349",349,"Oregon",6.55,5.3,8.08,4,"Alcohol"
"350",350,"Oregon",7.25,5.94,8.83,4,"Alcohol"
"351",351,"Oregon",6.6,5.19,8.38,4,"Alcohol"
"352",352,"Oregon",6.99,5.41,8.99,4,"Alcohol"
"353",353,"Oregon",6.83,5.3,8.76,4,"Alcohol"
"354",354,"Pennsylvania",6.49,5.92,7.11,3,"Alcohol"
"355",355,"Pennsylvania",7.53,6.22,9.08,4,"Alcohol"
"356",356,"Pennsylvania",6.97,5.64,8.58,4,"Alcohol"
"357",357,"Pennsylvania",5.72,4.65,7,4,"Alcohol"
"358",358,"Pennsylvania",5.05,4.01,6.34,4,"Alcohol"
"359",359,"Pennsylvania",6.7,5.56,8.07,4,"Alcohol"
"360",360,"Pennsylvania",6.65,5.64,7.81,4,"Alcohol"
"361",361,"Pennsylvania",5.67,4.52,7.1,4,"Alcohol"
"362",362,"Pennsylvania",6.71,5.41,8.31,4,"Alcohol"
"363",363,"Pennsylvania",5.69,4.74,6.82,4,"Alcohol"
"364",364,"Pennsylvania",5.36,4.3,6.66,4,"Alcohol"
"365",365,"Pennsylvania",5.93,4.77,7.34,4,"Alcohol"
"366",366,"Pennsylvania",6.63,5.39,8.13,4,"Alcohol"
"367",367,"Pennsylvania",8.01,6.63,9.65,4,"Alcohol"
"368",368,"Rhode Island",8.09,7.04,9.28,3,"Alcohol"
"369",369,"Rhode Island",9.33,7.44,11.63,4,"Alcohol"
"370",370,"Rhode Island",7.4,5.87,9.29,4,"Alcohol"
"371",371,"Rhode Island",8.09,6.79,9.62,4,"Alcohol"
"372",372,"Rhode Island",7.68,6.18,9.49,4,"Alcohol"
"373",373,"South Carolina",6.05,5.17,7.06,3,"Alcohol"
"374",374,"South Carolina",6.23,4.98,7.76,4,"Alcohol"
"375",375,"South Carolina",5.77,4.61,7.19,4,"Alcohol"
"376",376,"South Carolina",5.69,4.46,7.24,4,"Alcohol"
"377",377,"South Carolina",6.32,5.07,7.86,4,"Alcohol"
"378",378,"South Dakota",7.79,6.83,8.87,3,"Alcohol"
"379",379,"South Dakota",8.07,6.61,9.82,4,"Alcohol"
"380",380,"South Dakota",8.57,6.62,11.03,4,"Alcohol"
"381",381,"South Dakota",7.73,6.27,9.49,4,"Alcohol"
"382",382,"South Dakota",7.67,6.16,9.53,4,"Alcohol"
"383",383,"South Dakota",7.4,6.1,8.95,4,"Alcohol"
"384",384,"Tennessee",5.47,4.7,6.35,3,"Alcohol"
"385",385,"Tennessee",5.22,3.98,6.82,4,"Alcohol"
"386",386,"Tennessee",5.32,4.21,6.71,4,"Alcohol"
"387",387,"Tennessee",5.23,4.12,6.61,4,"Alcohol"
"388",388,"Tennessee",6.7,5.25,8.51,4,"Alcohol"
"389",389,"Tennessee",5.6,4.48,6.98,4,"Alcohol"
"390",390,"Tennessee",4.87,3.75,6.28,4,"Alcohol"
"391",391,"Tennessee",5.39,4.21,6.88,4,"Alcohol"
"392",392,"Texas",6.52,5.98,7.1,3,"Alcohol"
"393",393,"Texas",7.01,5.79,8.47,4,"Alcohol"
"394",394,"Texas",6.34,5.06,7.92,4,"Alcohol"
"395",395,"Texas",6.54,5.76,7.41,4,"Alcohol"
"396",396,"Texas",6.44,5.5,7.54,5,"Alcohol"
"397",397,"Texas",6.7,5.63,7.96,5,"Alcohol"
"398",398,"Texas",5.88,4.75,7.27,4,"Alcohol"
"399",399,"Texas",6.34,5.06,7.91,4,"Alcohol"
"400",400,"Texas",6.67,5.77,7.69,4,"Alcohol"
"401",401,"Texas",6.69,5.74,7.8,5,"Alcohol"
"402",402,"Texas",6.44,5.12,8.07,5,"Alcohol"
"403",403,"Texas",7.66,6.64,8.81,4,"Alcohol"
"404",404,"Texas",8.19,6.85,9.78,5,"Alcohol"
"405",405,"Texas",6.74,5.53,8.2,5,"Alcohol"
"406",406,"Texas",5.96,4.9,7.22,4,"Alcohol"
"407",407,"Texas",6.54,5.23,8.13,4,"Alcohol"
"408",408,"Texas",6.34,5.17,7.75,4,"Alcohol"
"409",409,"Texas",5.4,4.57,6.36,4,"Alcohol"
"410",410,"Texas",5.41,4.37,6.69,5,"Alcohol"
"411",411,"Texas",5.36,4.3,6.68,5,"Alcohol"
"412",412,"Utah",5.42,4.63,6.32,3,"Alcohol"
"413",413,"Utah",5.48,4.26,7.03,4,"Alcohol"
"414",414,"Utah",5.25,4.07,6.74,4,"Alcohol"
"415",415,"Utah",5,3.93,6.35,4,"Alcohol"
"416",416,"Utah",5.59,4.52,6.9,4,"Alcohol"
"417",417,"Utah",5.38,4.31,6.71,4,"Alcohol"
"418",418,"Utah",5.38,4.17,6.9,4,"Alcohol"
"419",419,"Vermont",6.95,6.03,8,3,"Alcohol"
"420",420,"Vermont",6.95,5.78,8.35,4,"Alcohol"
"421",421,"Vermont",7.5,6.01,9.32,4,"Alcohol"
"422",422,"Vermont",6.83,5.45,8.54,4,"Alcohol"
"423",423,"Vermont",6.28,4.93,7.96,4,"Alcohol"
"424",424,"Virginia",6.95,6.05,7.97,3,"Alcohol"
"425",425,"Virginia",6.85,5.58,8.38,4,"Alcohol"
"426",426,"Virginia",6.76,5.43,8.39,4,"Alcohol"
"427",427,"Virginia",7.17,5.79,8.86,4,"Alcohol"
"428",428,"Virginia",7.02,5.66,8.68,4,"Alcohol"
"429",429,"Virginia",7.02,5.72,8.6,4,"Alcohol"
"430",430,"Washington",7.01,6.13,8.02,3,"Alcohol"
"431",431,"Washington",6.82,5.67,8.17,4,"Alcohol"
"432",432,"Washington",6.66,5.33,8.3,5,"Alcohol"
"433",433,"Washington",7.04,5.55,8.88,5,"Alcohol"
"434",434,"Washington",7.21,6.11,8.49,4,"Alcohol"
"435",435,"Washington",7.22,5.92,8.79,5,"Alcohol"
"436",436,"Washington",7.19,5.79,8.89,5,"Alcohol"
"437",437,"Washington",6.87,5.84,8.06,4,"Alcohol"
"438",438,"Washington",6.98,5.42,8.93,5,"Alcohol"
"439",439,"Washington",7.23,5.77,9.01,5,"Alcohol"
"440",440,"Washington",6.47,5.13,8.14,5,"Alcohol"
"441",441,"Washington",6.72,5.23,8.59,5,"Alcohol"
"442",442,"West Virginia",6.21,5.35,7.19,3,"Alcohol"
"443",443,"West Virginia",6.64,5.12,8.58,4,"Alcohol"
"444",444,"West Virginia",6.75,5.25,8.64,4,"Alcohol"
"445",445,"West Virginia",5.94,4.63,7.6,4,"Alcohol"
"446",446,"West Virginia",6.83,5.56,8.37,4,"Alcohol"
"447",447,"West Virginia",5.89,4.69,7.38,4,"Alcohol"
"448",448,"West Virginia",5.48,4.3,6.97,4,"Alcohol"
"449",449,"Wisconsin",7.73,6.7,8.91,3,"Alcohol"
"450",450,"Wisconsin",8.5,6.84,10.52,4,"Alcohol"
"451",451,"Wisconsin",7.41,5.92,9.23,4,"Alcohol"
"452",452,"Wisconsin",7.51,5.84,9.61,4,"Alcohol"
"453",453,"Wisconsin",7.14,5.7,8.91,4,"Alcohol"
"454",454,"Wisconsin",7.91,6.37,9.79,4,"Alcohol"
"455",455,"Wisconsin",8.11,6.51,10.07,4,"Alcohol"
"456",456,"Wyoming",7.63,6.69,8.7,3,"Alcohol"
"457",457,"Wyoming",7.6,6.15,9.36,4,"Alcohol"
"458",458,"Wyoming",10.33,8.44,12.58,4,"Alcohol"
"459",459,"Wyoming",6.85,5.47,8.56,4,"Alcohol"
"460",460,"Wyoming",7.33,5.71,9.37,4,"Alcohol"
"461",461,"Wyoming",6.51,5.07,8.32,4,"Alcohol"
"462",462,"Wyoming",7.12,5.68,8.9,4,"Alcohol"
"463",463,"Wyoming",7.63,6.06,9.57,4,"Alcohol"
"464",464,"Wyoming",7.29,5.73,9.22,4,"Alcohol"
"465",465,"Wyoming",8.11,6.44,10.17,4,"Alcohol"
"466",1,"Total United States",2.7,2.6,2.8,1,"Drug"
"467",2,"Northeast",2.81,2.61,3.02,2,"Drug"
"468",3,"Midwest",2.58,2.44,2.74,2,"Drug"
"469",4,"South",2.59,2.45,2.74,2,"Drug"
"470",5,"West",2.89,2.68,3.1,2,"Drug"
"471",6,"Alabama",2.53,2.04,3.12,3,"Drug"
"472",7,"Alabama",2.43,1.8,3.27,4,"Drug"
"473",8,"Alabama",2.58,1.94,3.42,4,"Drug"
"474",9,"Alabama",2.56,1.9,3.45,4,"Drug"
"475",10,"Alabama",2.54,1.86,3.47,4,"Drug"
"476",11,"Alaska",3.06,2.53,3.7,3,"Drug"
"477",12,"Alaska",3.24,2.54,4.13,4,"Drug"
"478",13,"Alaska",3.22,2.4,4.31,4,"Drug"
"479",14,"Alaska",2.85,2.15,3.77,4,"Drug"
"480",15,"Alaska",2.51,1.81,3.48,4,"Drug"
"481",16,"Arizona",3.03,2.51,3.66,3,"Drug"
"482",17,"Arizona",3.11,2.48,3.89,4,"Drug"
"483",18,"Arizona",3.19,2.36,4.3,4,"Drug"
"484",19,"Arizona",2.66,1.96,3.62,4,"Drug"
"485",20,"Arizona",2.82,2.07,3.83,4,"Drug"
"486",21,"Arkansas",2.67,2.19,3.26,3,"Drug"
"487",22,"Arkansas",2.6,1.96,3.44,4,"Drug"
"488",23,"Arkansas",2.17,1.57,3,4,"Drug"
"489",24,"Arkansas",2.71,1.99,3.69,4,"Drug"
"490",25,"Arkansas",2.36,1.72,3.23,4,"Drug"
"491",26,"Arkansas",2.81,2.09,3.77,4,"Drug"
"492",27,"Arkansas",3.23,2.3,4.51,4,"Drug"
"493",28,"Arkansas",2.85,2.06,3.93,4,"Drug"
"494",29,"Arkansas",2.79,2.07,3.76,4,"Drug"
"495",30,"California",2.89,2.59,3.23,3,"Drug"
"496",31,"California",3.06,2.3,4.06,4,"Drug"
"497",32,"California",3,2.29,3.92,4,"Drug"
"498",33,"California",3.44,2.65,4.46,4,"Drug"
"499",34,"California",3.07,2.38,3.94,4,"Drug"
"500",35,"California",2.95,2.14,4.06,4,"Drug"
"501",36,"California",2.36,1.82,3.05,4,"Drug"
"502",37,"California",2.76,2.12,3.59,4,"Drug"
"503",38,"California",2.88,2.22,3.73,4,"Drug"
"504",39,"California",2.34,1.77,3.08,4,"Drug"
"505",40,"California",3.08,2.38,3.98,4,"Drug"
"506",41,"California",2.78,2.43,3.19,5,"Drug"
"507",42,"California",3.06,2.31,4.06,4,"Drug"
"508",43,"California",2.8,2.19,3.57,4,"Drug"
"509",44,"California",2.4,1.86,3.09,4,"Drug"
"510",45,"California",2.9,2.2,3.82,4,"Drug"
"511",46,"California",3.2,2.44,4.19,4,"Drug"
"512",47,"California",2.61,2.03,3.35,4,"Drug"
"513",48,"California",2.8,2.2,3.58,4,"Drug"
"514",49,"California",2.97,2.25,3.9,4,"Drug"
"515",50,"California",2.64,2.05,3.39,4,"Drug"
"516",51,"California",2.9,2.32,3.62,4,"Drug"
"517",52,"California",3.25,2.49,4.23,4,"Drug"
"518",53,"California",3,2.38,3.79,4,"Drug"
"519",54,"California",3.16,2.41,4.13,4,"Drug"
"520",55,"California",3.06,2.42,3.86,4,"Drug"
"521",56,"California",3.17,2.45,4.09,4,"Drug"
"522",57,"California",2.84,2.14,3.76,4,"Drug"
"523",58,"Colorado",3.11,2.58,3.75,3,"Drug"
"524",59,"Colorado",3.2,2.39,4.28,4,"Drug"
"525",60,"Colorado",3.24,2.58,4.07,4,"Drug"
"526",61,"Colorado",3.05,2.28,4.07,4,"Drug"
"527",62,"Colorado",3,2.17,4.14,4,"Drug"
"528",63,"Colorado",2.46,1.79,3.37,4,"Drug"
"529",64,"Connecticut",2.81,2.31,3.42,3,"Drug"
"530",65,"Connecticut",3.15,2.35,4.21,4,"Drug"
"531",66,"Connecticut",3.11,2.37,4.05,4,"Drug"
"532",67,"Connecticut",2.44,1.82,3.28,4,"Drug"
"533",68,"Connecticut",2.68,2.02,3.56,4,"Drug"
"534",69,"Connecticut",2.63,1.94,3.57,4,"Drug"
"535",70,"Delaware",3.37,2.79,4.07,3,"Drug"
"536",71,"Delaware",3.21,2.41,4.25,4,"Drug"
"537",72,"Delaware",3.73,2.97,4.68,4,"Drug"
"538",73,"Delaware",2.53,1.84,3.47,4,"Drug"
"539",74,"Delaware",3.83,2.71,5.4,4,"Drug"
"540",75,"District of Columbia",3.54,2.88,4.36,3,"Drug"
"541",76,"District of Columbia",3.54,2.55,4.88,4,"Drug"
"542",77,"District of Columbia",3.56,2.55,4.95,4,"Drug"
"543",78,"District of Columbia",2.94,2.15,4.01,4,"Drug"
"544",79,"District of Columbia",3.24,2.31,4.54,4,"Drug"
"545",80,"District of Columbia",3.66,2.67,4.99,4,"Drug"
"546",81,"District of Columbia",3.07,2.18,4.31,4,"Drug"
"547",82,"District of Columbia",4.11,2.94,5.7,4,"Drug"
"548",83,"District of Columbia",4.42,3.27,5.95,4,"Drug"
"549",84,"Florida",2.56,2.27,2.89,3,"Drug"
"550",85,"Florida",2.58,2.02,3.31,4,"Drug"
"551",86,"Florida",2.76,2.3,3.3,5,"Drug"
"552",87,"Florida",2.83,2.25,3.56,4,"Drug"
"553",88,"Florida",2.65,2.05,3.43,4,"Drug"
"554",89,"Florida",2.54,2.17,2.97,5,"Drug"
"555",90,"Florida",2.82,2.17,3.67,4,"Drug"
"556",91,"Florida",2.6,1.98,3.4,4,"Drug"
"557",92,"Florida",2.08,1.57,2.74,4,"Drug"
"558",93,"Florida",2.67,2.1,3.4,4,"Drug"
"559",94,"Florida",2.33,1.77,3.06,4,"Drug"
"560",95,"Florida",2.66,2.25,3.13,5,"Drug"
"561",96,"Florida",2.9,2.21,3.79,4,"Drug"
"562",97,"Florida",2.14,1.63,2.82,4,"Drug"
"563",98,"Florida",2.6,2.02,3.34,4,"Drug"
"564",99,"Florida",3.31,2.53,4.3,4,"Drug"
"565",100,"Florida",3.17,2.6,3.84,5,"Drug"
"566",101,"Florida",3.18,2.4,4.18,4,"Drug"
"567",102,"Florida",3.46,2.63,4.53,4,"Drug"
"568",103,"Florida",2.72,2.01,3.66,4,"Drug"
"569",104,"Florida",1.93,1.5,2.47,4,"Drug"
"570",105,"Florida",2.56,2.07,3.16,5,"Drug"
"571",106,"Florida",2.69,2.09,3.48,4,"Drug"
"572",107,"Florida",2.25,1.69,2.98,4,"Drug"
"573",108,"Georgia",2.93,2.43,3.54,3,"Drug"
"574",109,"Georgia",2.55,1.93,3.35,4,"Drug"
"575",110,"Georgia",3.06,2.28,4.1,4,"Drug"
"576",111,"Georgia",3.06,2.34,4,4,"Drug"
"577",112,"Georgia",2.99,2.18,4.09,4,"Drug"
"578",113,"Georgia",2.95,2.19,3.97,4,"Drug"
"579",114,"Georgia",3.2,2.37,4.32,4,"Drug"
"580",115,"Hawaii",2.54,2,3.21,3,"Drug"
"581",116,"Hawaii",2.38,1.68,3.36,4,"Drug"
"582",117,"Hawaii",2.66,2.03,3.46,4,"Drug"
"583",118,"Hawaii",2.17,1.55,3.04,4,"Drug"
"584",119,"Hawaii",2.16,1.55,3.01,4,"Drug"
"585",120,"Idaho",2.37,1.96,2.88,3,"Drug"
"586",121,"Idaho",2.11,1.55,2.87,4,"Drug"
"587",122,"Idaho",2.5,1.85,3.36,4,"Drug"
"588",123,"Idaho",2.27,1.69,3.05,4,"Drug"
"589",124,"Idaho",2.6,1.99,3.39,4,"Drug"
"590",125,"Idaho",2.11,1.55,2.86,4,"Drug"
"591",126,"Idaho",2.41,1.75,3.31,4,"Drug"
"592",127,"Idaho",2.42,1.81,3.24,4,"Drug"
"593",128,"Illinois",2.42,2.12,2.75,3,"Drug"
"594",129,"Illinois",2.58,2.14,3.11,4,"Drug"
"595",130,"Illinois",2.08,1.73,2.51,4,"Drug"
"596",131,"Illinois",2.79,2.19,3.54,4,"Drug"
"597",132,"Illinois",2.46,1.89,3.19,4,"Drug"
"598",133,"Illinois",2.35,1.82,3.03,4,"Drug"
"599",134,"Indiana",2.98,2.48,3.58,3,"Drug"
"600",135,"Indiana",3.09,2.36,4.05,4,"Drug"
"601",136,"Indiana",3.11,2.31,4.18,4,"Drug"
"602",137,"Indiana",2.58,1.93,3.45,4,"Drug"
"603",138,"Indiana",2.78,2.06,3.74,4,"Drug"
"604",139,"Indiana",2.77,2.06,3.73,4,"Drug"
"605",140,"Indiana",2.68,1.97,3.63,4,"Drug"
"606",141,"Indiana",2.68,1.95,3.68,4,"Drug"
"607",142,"Indiana",3.99,2.97,5.35,4,"Drug"
"608",143,"Iowa",2.21,1.78,2.74,3,"Drug"
"609",144,"Iowa",2,1.47,2.73,4,"Drug"
"610",145,"Iowa",2.5,1.8,3.44,4,"Drug"
"611",146,"Iowa",2.35,1.74,3.17,4,"Drug"
"612",147,"Iowa",2.14,1.53,2.98,4,"Drug"
"613",148,"Iowa",2.19,1.62,2.95,4,"Drug"
"614",149,"Iowa",2.11,1.54,2.88,4,"Drug"
"615",150,"Kansas",2.25,1.81,2.8,3,"Drug"
"616",151,"Kansas",2.11,1.59,2.8,4,"Drug"
"617",152,"Kansas",2.32,1.72,3.13,4,"Drug"
"618",153,"Kansas",2.14,1.56,2.93,4,"Drug"
"619",154,"Kansas",2.36,1.68,3.31,4,"Drug"
"620",155,"Kansas",2.11,1.54,2.89,4,"Drug"
"621",156,"Kansas",2.58,1.86,3.58,4,"Drug"
"622",157,"Kentucky",2.56,2.1,3.12,3,"Drug"
"623",158,"Kentucky",2.37,1.73,3.24,4,"Drug"
"624",159,"Kentucky",2.7,2.05,3.54,4,"Drug"
"625",160,"Kentucky",2.34,1.71,3.2,4,"Drug"
"626",161,"Kentucky",2.44,1.79,3.32,4,"Drug"
"627",162,"Kentucky",2.55,1.85,3.5,4,"Drug"
"628",163,"Kentucky",2.7,2.02,3.59,4,"Drug"
"629",164,"Louisiana",2.93,2.4,3.56,3,"Drug"
"630",165,"Louisiana",2.97,2.3,3.83,5,"Drug"
"631",166,"Louisiana",3.23,2.36,4.41,4,"Drug"
"632",167,"Louisiana",2.71,1.98,3.69,4,"Drug"
"633",168,"Louisiana",3.1,2.37,4.06,4,"Drug"
"634",169,"Louisiana",2.69,1.98,3.66,4,"Drug"
"635",170,"Louisiana",2.91,2.16,3.9,4,"Drug"
"636",171,"Louisiana",2.77,2.05,3.75,4,"Drug"
"637",172,"Maine",2.68,2.2,3.26,3,"Drug"
"638",173,"Maine",2.67,2.03,3.5,5,"Drug"
"639",174,"Maine",2.69,1.94,3.73,4,"Drug"
"640",175,"Maine",2.65,1.9,3.7,4,"Drug"
"641",176,"Maine",2.47,1.81,3.38,4,"Drug"
"642",177,"Maine",2.89,2.17,3.84,4,"Drug"
"643",178,"Maine",2.14,1.56,2.92,4,"Drug"
"644",179,"Maine",3.18,2.36,4.26,4,"Drug"
"645",180,"Maine",3.06,2.28,4.11,4,"Drug"
"646",181,"Maine",2.17,1.62,2.88,4,"Drug"
"647",182,"Maryland",2.85,2.35,3.46,3,"Drug"
"648",183,"Maryland",2.67,1.95,3.64,4,"Drug"
"649",184,"Maryland",3.97,2.88,5.45,4,"Drug"
"650",185,"Maryland",2.81,2.07,3.8,4,"Drug"
"651",186,"Maryland",2.41,1.77,3.26,4,"Drug"
"652",187,"Maryland",2.5,1.81,3.43,4,"Drug"
"653",188,"Maryland",2.69,1.97,3.66,4,"Drug"
"654",189,"Maryland",3.1,2.31,4.14,4,"Drug"
"655",190,"Maryland",2.76,2.01,3.78,4,"Drug"
"656",191,"Maryland",2.76,2.02,3.75,4,"Drug"
"657",192,"Massachusetts",2.86,2.35,3.47,3,"Drug"
"658",193,"Massachusetts",3.71,2.79,4.93,4,"Drug"
"659",194,"Massachusetts",2.84,2.1,3.83,4,"Drug"
"660",195,"Massachusetts",2.51,1.88,3.34,4,"Drug"
"661",196,"Massachusetts",2.58,1.95,3.42,4,"Drug"
"662",197,"Massachusetts",3.01,2.22,4.08,4,"Drug"
"663",198,"Massachusetts",2.86,2.13,3.83,4,"Drug"
"664",199,"Michigan",2.71,2.38,3.07,3,"Drug"
"665",200,"Michigan",2.68,2.01,3.56,4,"Drug"
"666",201,"Michigan",2.07,1.54,2.78,4,"Drug"
"667",202,"Michigan",2.44,1.94,3.07,4,"Drug"
"668",203,"Michigan",2.64,2.07,3.37,4,"Drug"
"669",204,"Michigan",2.7,2.17,3.34,4,"Drug"
"670",205,"Michigan",2.78,2.19,3.51,4,"Drug"
"671",206,"Michigan",3.5,2.75,4.43,4,"Drug"
"672",207,"Michigan",2.2,1.71,2.83,4,"Drug"
"673",208,"Michigan",2.42,1.87,3.13,4,"Drug"
"674",209,"Michigan",2.91,2.23,3.78,4,"Drug"
"675",210,"Minnesota",2.37,1.92,2.92,3,"Drug"
"676",211,"Minnesota",2.48,1.76,3.48,4,"Drug"
"677",212,"Minnesota",2.36,1.71,3.24,4,"Drug"
"678",213,"Minnesota",2.18,1.6,2.98,4,"Drug"
"679",214,"Minnesota",2.49,1.82,3.39,4,"Drug"
"680",215,"Minnesota",2.97,2.1,4.19,4,"Drug"
"681",216,"Minnesota",2.11,1.58,2.8,4,"Drug"
"682",217,"Mississippi",2.67,2.18,3.27,3,"Drug"
"683",218,"Mississippi",2.54,1.91,3.36,4,"Drug"
"684",219,"Mississippi",3.03,2.2,4.15,4,"Drug"
"685",220,"Mississippi",2.63,1.93,3.57,4,"Drug"
"686",221,"Mississippi",2.9,2.13,3.92,4,"Drug"
"687",222,"Mississippi",2.69,1.91,3.77,4,"Drug"
"688",223,"Mississippi",2.55,1.86,3.47,4,"Drug"
"689",224,"Mississippi",2.45,1.78,3.36,4,"Drug"
"690",225,"Missouri",2.47,2.02,3.02,3,"Drug"
"691",226,"Missouri",2.74,2.05,3.65,4,"Drug"
"692",227,"Missouri",2.48,1.94,3.17,5,"Drug"
"693",228,"Missouri",2.62,1.96,3.48,4,"Drug"
"694",229,"Missouri",2.25,1.65,3.05,4,"Drug"
"695",230,"Missouri",2.49,1.93,3.21,5,"Drug"
"696",231,"Missouri",2.65,1.94,3.61,4,"Drug"
"697",232,"Missouri",2.36,1.72,3.22,4,"Drug"
"698",233,"Missouri",2.38,1.72,3.27,4,"Drug"
"699",234,"Missouri",2.26,1.65,3.08,4,"Drug"
"700",235,"Montana",2.34,1.93,2.84,3,"Drug"
"701",236,"Montana",2.28,1.64,3.17,4,"Drug"
"702",237,"Montana",2.4,1.77,3.24,4,"Drug"
"703",238,"Montana",2.1,1.57,2.8,4,"Drug"
"704",239,"Montana",2.5,1.89,3.3,4,"Drug"
"705",240,"Montana",2.36,1.81,3.08,4,"Drug"
"706",241,"Nebraska",2.48,2.04,3.02,3,"Drug"
"707",242,"Nebraska",2.44,1.85,3.21,5,"Drug"
"708",243,"Nebraska",2.37,1.73,3.25,4,"Drug"
"709",244,"Nebraska",2.5,1.78,3.49,4,"Drug"
"710",245,"Nebraska",2.29,1.69,3.09,4,"Drug"
"711",246,"Nebraska",2.2,1.61,3,4,"Drug"
"712",247,"Nebraska",2.42,1.82,3.2,4,"Drug"
"713",248,"Nebraska",2.66,2.07,3.42,4,"Drug"
"714",249,"Nevada",2.66,2.14,3.3,3,"Drug"
"715",250,"Nevada",2.67,2.08,3.42,4,"Drug"
"716",251,"Nevada",2.33,1.77,3.08,5,"Drug"
"717",252,"Nevada",2.32,1.65,3.25,4,"Drug"
"718",253,"Nevada",2.34,1.68,3.25,4,"Drug"
"719",254,"Nevada",2.86,2.14,3.81,4,"Drug"
"720",255,"New Hampshire",2.92,2.39,3.55,3,"Drug"
"721",256,"New Hampshire",2.9,2.28,3.69,4,"Drug"
"722",257,"New Hampshire",2.97,2.24,3.91,5,"Drug"
"723",258,"New Hampshire",2.83,2.1,3.81,5,"Drug"
"724",259,"New Hampshire",2.98,2.22,4,4,"Drug"
"725",260,"New Hampshire",2.91,2.33,3.63,4,"Drug"
"726",261,"New Hampshire",2.69,2.05,3.54,5,"Drug"
"727",262,"New Hampshire",3.05,2.35,3.94,5,"Drug"
"728",263,"New Jersey",2.32,1.91,2.81,3,"Drug"
"729",264,"New Jersey",2.22,1.67,2.95,4,"Drug"
"730",265,"New Jersey",2.55,1.93,3.36,4,"Drug"
"731",266,"New Jersey",2.01,1.52,2.67,4,"Drug"
"732",267,"New Jersey",2.63,1.99,3.46,4,"Drug"
"733",268,"New Mexico",3.02,2.47,3.71,3,"Drug"
"734",269,"New Mexico",2.86,2.12,3.84,4,"Drug"
"735",270,"New Mexico",2.48,1.79,3.43,4,"Drug"
"736",271,"New Mexico",3.3,2.49,4.38,4,"Drug"
"737",272,"New Mexico",2.89,2.13,3.9,4,"Drug"
"738",273,"New Mexico",3.22,2.4,4.31,4,"Drug"
"739",274,"New York",2.95,2.6,3.34,3,"Drug"
"740",275,"New York",3.07,2.62,3.58,4,"Drug"
"741",276,"New York",3.07,2.36,3.98,5,"Drug"
"742",277,"New York",3.29,2.63,4.11,5,"Drug"
"743",278,"New York",3.46,2.61,4.58,5,"Drug"
"744",279,"New York",2.47,1.89,3.24,5,"Drug"
"745",280,"New York",2.71,2.27,3.24,4,"Drug"
"746",281,"New York",2.68,2.12,3.38,5,"Drug"
"747",282,"New York",2.64,2.03,3.42,5,"Drug"
"748",283,"New York",2.92,2.22,3.83,5,"Drug"
"749",284,"New York",2.99,2.55,3.5,4,"Drug"
"750",285,"New York",2.81,2.12,3.7,5,"Drug"
"751",286,"New York",2.96,2.27,3.85,5,"Drug"
"752",287,"New York",3.23,2.4,4.34,5,"Drug"
"753",288,"New York",2.98,2.3,3.84,5,"Drug"
"754",289,"New York",3.1,2.41,3.98,5,"Drug"
"755",290,"New York",2.96,2.42,3.62,4,"Drug"
"756",291,"New York",2.83,2.14,3.74,5,"Drug"
"757",292,"New York",3.01,2.22,4.06,5,"Drug"
"758",293,"New York",3.03,2.29,4,5,"Drug"
"759",294,"North Carolina",3.08,2.55,3.71,3,"Drug"
"760",295,"North Carolina",3.62,2.66,4.9,4,"Drug"
"761",296,"North Carolina",2.85,2.1,3.86,4,"Drug"
"762",297,"North Carolina",2.95,2.13,4.07,4,"Drug"
"763",298,"North Carolina",2.87,2.12,3.89,4,"Drug"
"764",299,"North Carolina",3.18,2.3,4.38,4,"Drug"
"765",300,"North Carolina",2.63,1.91,3.6,4,"Drug"
"766",301,"North Carolina",3.08,2.21,4.29,4,"Drug"
"767",302,"North Carolina",3.22,2.37,4.38,4,"Drug"
"768",303,"North Carolina",3.05,2.2,4.2,4,"Drug"
"769",304,"North Carolina",3.39,2.48,4.62,4,"Drug"
"770",305,"North Carolina",2.64,1.91,3.64,4,"Drug"
"771",306,"North Carolina",2.61,1.88,3.61,4,"Drug"
"772",307,"North Carolina",3.49,2.54,4.77,4,"Drug"
"773",308,"North Carolina",3.27,2.39,4.47,4,"Drug"
"774",309,"North Dakota",2.45,2.01,2.99,3,"Drug"
"775",310,"North Dakota",2.12,1.57,2.84,4,"Drug"
"776",311,"North Dakota",2.16,1.54,3.03,4,"Drug"
"777",312,"North Dakota",2.51,1.83,3.44,4,"Drug"
"778",313,"North Dakota",3.17,2.3,4.36,4,"Drug"
"779",314,"North Dakota",2.69,1.85,3.89,4,"Drug"
"780",315,"North Dakota",2.29,1.64,3.19,4,"Drug"
"781",316,"North Dakota",2.48,1.89,3.25,4,"Drug"
"782",317,"Ohio",2.87,2.53,3.24,3,"Drug"
"783",318,"Ohio",2.69,2.01,3.59,4,"Drug"
"784",319,"Ohio",2.38,1.81,3.13,4,"Drug"
"785",320,"Ohio",2.6,1.96,3.44,4,"Drug"
"786",321,"Ohio",2.97,2.23,3.93,4,"Drug"
"787",322,"Ohio",2.63,1.96,3.53,4,"Drug"
"788",323,"Ohio",2.56,1.96,3.34,4,"Drug"
"789",324,"Ohio",2.63,1.98,3.48,4,"Drug"
"790",325,"Ohio",2.88,2.2,3.77,4,"Drug"
"791",326,"Ohio",2.63,2.07,3.35,4,"Drug"
"792",327,"Ohio",2.38,1.77,3.18,4,"Drug"
"793",328,"Ohio",2.61,2,3.4,4,"Drug"
"794",329,"Ohio",2.5,1.89,3.3,4,"Drug"
"795",330,"Ohio",2.54,1.95,3.31,4,"Drug"
"796",331,"Ohio",3.87,3.04,4.92,4,"Drug"
"797",332,"Ohio",3.07,2.31,4.07,4,"Drug"
"798",333,"Ohio",2.74,2.12,3.54,4,"Drug"
"799",334,"Ohio",3.26,2.51,4.21,4,"Drug"
"800",335,"Ohio",2.99,2.25,3.95,4,"Drug"
"801",336,"Ohio",2.69,2.06,3.51,4,"Drug"
"802",337,"Ohio",3.39,2.59,4.44,4,"Drug"
"803",338,"Ohio",2.56,1.93,3.39,4,"Drug"
"804",339,"Oklahoma",2.31,1.83,2.91,3,"Drug"
"805",340,"Oklahoma",2.33,1.69,3.22,4,"Drug"
"806",341,"Oklahoma",2.11,1.48,2.99,4,"Drug"
"807",342,"Oklahoma",2.22,1.61,3.07,4,"Drug"
"808",343,"Oklahoma",2.57,1.87,3.54,4,"Drug"
"809",344,"Oklahoma",2.34,1.69,3.24,4,"Drug"
"810",345,"Oklahoma",2.11,1.51,2.96,4,"Drug"
"811",346,"Oklahoma",2.41,1.72,3.36,4,"Drug"
"812",347,"Oregon",3.1,2.54,3.77,3,"Drug"
"813",348,"Oregon",3.34,2.44,4.56,4,"Drug"
"814",349,"Oregon",2.81,2.12,3.72,4,"Drug"
"815",350,"Oregon",3.45,2.65,4.47,4,"Drug"
"816",351,"Oregon",2.7,1.98,3.67,4,"Drug"
"817",352,"Oregon",2.61,1.9,3.59,4,"Drug"
"818",353,"Oregon",2.97,2.12,4.14,4,"Drug"
"819",354,"Pennsylvania",2.84,2.51,3.2,3,"Drug"
"820",355,"Pennsylvania",3.29,2.56,4.21,4,"Drug"
"821",356,"Pennsylvania",2.79,2.12,3.65,4,"Drug"
"822",357,"Pennsylvania",2.47,1.91,3.2,4,"Drug"
"823",358,"Pennsylvania",2.16,1.62,2.87,4,"Drug"
"824",359,"Pennsylvania",2.44,1.83,3.25,4,"Drug"
"825",360,"Pennsylvania",2.67,2.16,3.29,4,"Drug"
"826",361,"Pennsylvania",2.53,1.9,3.37,4,"Drug"
"827",362,"Pennsylvania",2.78,2.08,3.71,4,"Drug"
"828",363,"Pennsylvania",2.48,1.97,3.12,4,"Drug"
"829",364,"Pennsylvania",2.58,1.93,3.45,4,"Drug"
"830",365,"Pennsylvania",2.6,1.99,3.39,4,"Drug"
"831",366,"Pennsylvania",2.69,2.05,3.52,4,"Drug"
"832",367,"Pennsylvania",4.29,3.39,5.4,4,"Drug"
"833",368,"Rhode Island",3.48,2.84,4.27,3,"Drug"
"834",369,"Rhode Island",2.92,2.14,3.96,4,"Drug"
"835",370,"Rhode Island",3.09,2.26,4.23,4,"Drug"
"836",371,"Rhode Island",3.8,2.98,4.83,4,"Drug"
"837",372,"Rhode Island",3.04,2.21,4.16,4,"Drug"
"838",373,"South Carolina",2.73,2.23,3.33,3,"Drug"
"839",374,"South Carolina",2.69,2.04,3.53,4,"Drug"
"840",375,"South Carolina",2.79,2.1,3.69,4,"Drug"
"841",376,"South Carolina",2.66,1.95,3.62,4,"Drug"
"842",377,"South Carolina",2.75,2.08,3.64,4,"Drug"
"843",378,"South Dakota",2.23,1.8,2.76,3,"Drug"
"844",379,"South Dakota",2.36,1.75,3.17,4,"Drug"
"845",380,"South Dakota",2.12,1.49,3,4,"Drug"
"846",381,"South Dakota",2.08,1.53,2.83,4,"Drug"
"847",382,"South Dakota",2.32,1.71,3.16,4,"Drug"
"848",383,"South Dakota",2.22,1.64,3,4,"Drug"
"849",384,"Tennessee",2.41,1.96,2.96,3,"Drug"
"850",385,"Tennessee",2.16,1.55,2.99,4,"Drug"
"851",386,"Tennessee",2.41,1.78,3.26,4,"Drug"
"852",387,"Tennessee",2.36,1.73,3.22,4,"Drug"
"853",388,"Tennessee",2.58,1.85,3.57,4,"Drug"
"854",389,"Tennessee",2.38,1.78,3.16,4,"Drug"
"855",390,"Tennessee",2.29,1.65,3.17,4,"Drug"
"856",391,"Tennessee",2.63,1.92,3.6,4,"Drug"
"857",392,"Texas",2.19,1.92,2.49,3,"Drug"
"858",393,"Texas",2.39,1.83,3.11,4,"Drug"
"859",394,"Texas",2.3,1.71,3.07,4,"Drug"
"860",395,"Texas",2.13,1.79,2.55,4,"Drug"
"861",396,"Texas",2.12,1.7,2.65,5,"Drug"
"862",397,"Texas",2.15,1.7,2.73,5,"Drug"
"863",398,"Texas",2.08,1.57,2.76,4,"Drug"
"864",399,"Texas",2.21,1.65,2.97,4,"Drug"
"865",400,"Texas",2.19,1.79,2.67,4,"Drug"
"866",401,"Texas",2.19,1.77,2.71,5,"Drug"
"867",402,"Texas",2.16,1.62,2.87,5,"Drug"
"868",403,"Texas",2.23,1.82,2.73,4,"Drug"
"869",404,"Texas",2.23,1.73,2.87,5,"Drug"
"870",405,"Texas",2.24,1.72,2.91,5,"Drug"
"871",406,"Texas",2.41,1.86,3.12,4,"Drug"
"872",407,"Texas",2.3,1.72,3.07,4,"Drug"
"873",408,"Texas",2.08,1.59,2.72,4,"Drug"
"874",409,"Texas",1.96,1.57,2.43,4,"Drug"
"875",410,"Texas",1.97,1.51,2.58,5,"Drug"
"876",411,"Texas",1.93,1.46,2.53,5,"Drug"
"877",412,"Utah",2.76,2.27,3.35,3,"Drug"
"878",413,"Utah",2.56,1.87,3.5,4,"Drug"
"879",414,"Utah",2.65,1.92,3.64,4,"Drug"
"880",415,"Utah",2.76,2.03,3.73,4,"Drug"
"881",416,"Utah",2.72,2.08,3.55,4,"Drug"
"882",417,"Utah",3.12,2.37,4.1,4,"Drug"
"883",418,"Utah",2.61,1.94,3.49,4,"Drug"
"884",419,"Vermont",3.05,2.52,3.68,3,"Drug"
"885",420,"Vermont",3.33,2.64,4.18,4,"Drug"
"886",421,"Vermont",3.01,2.26,4.01,4,"Drug"
"887",422,"Vermont",2.73,2.01,3.69,4,"Drug"
"888",423,"Vermont",2.81,2.08,3.79,4,"Drug"
"889",424,"Virginia",2.53,2.09,3.06,3,"Drug"
"890",425,"Virginia",2.55,1.94,3.36,4,"Drug"
"891",426,"Virginia",1.99,1.5,2.63,4,"Drug"
"892",427,"Virginia",2.68,1.99,3.6,4,"Drug"
"893",428,"Virginia",2.71,2.01,3.64,4,"Drug"
"894",429,"Virginia",2.95,2.21,3.92,4,"Drug"
"895",430,"Washington",2.8,2.32,3.39,3,"Drug"
"896",431,"Washington",2.85,2.23,3.65,4,"Drug"
"897",432,"Washington",2.6,1.91,3.51,5,"Drug"
"898",433,"Washington",3.23,2.33,4.46,5,"Drug"
"899",434,"Washington",2.8,2.23,3.53,4,"Drug"
"900",435,"Washington",2.73,2.06,3.61,5,"Drug"
"901",436,"Washington",2.94,2.22,3.89,5,"Drug"
"902",437,"Washington",2.77,2.21,3.46,4,"Drug"
"903",438,"Washington",2.88,2.06,4.01,5,"Drug"
"904",439,"Washington",2.82,2.08,3.81,5,"Drug"
"905",440,"Washington",2.6,1.91,3.53,5,"Drug"
"906",441,"Washington",2.89,2.08,4.02,5,"Drug"
"907",442,"West Virginia",2.8,2.29,3.41,3,"Drug"
"908",443,"West Virginia",2.48,1.79,3.42,4,"Drug"
"909",444,"West Virginia",2.55,1.89,3.44,4,"Drug"
"910",445,"West Virginia",2.56,1.85,3.54,4,"Drug"
"911",446,"West Virginia",2.86,2.17,3.75,4,"Drug"
"912",447,"West Virginia",3.05,2.27,4.07,4,"Drug"
"913",448,"West Virginia",2.8,2.04,3.82,4,"Drug"
"914",449,"Wisconsin",2.52,2.05,3.09,3,"Drug"
"915",450,"Wisconsin",3.22,2.37,4.38,4,"Drug"
"916",451,"Wisconsin",2.36,1.73,3.2,4,"Drug"
"917",452,"Wisconsin",2.27,1.65,3.12,4,"Drug"
"918",453,"Wisconsin",2.45,1.84,3.26,4,"Drug"
"919",454,"Wisconsin",2.34,1.76,3.12,4,"Drug"
"920",455,"Wisconsin",2.43,1.81,3.26,4,"Drug"
"921",456,"Wyoming",2.27,1.86,2.77,3,"Drug"
"922",457,"Wyoming",2.38,1.75,3.22,4,"Drug"
"923",458,"Wyoming",2.91,2.1,4.02,4,"Drug"
"924",459,"Wyoming",2.08,1.53,2.82,4,"Drug"
"925",460,"Wyoming",2.09,1.51,2.88,4,"Drug"
"926",461,"Wyoming",2.09,1.53,2.85,4,"Drug"
"927",462,"Wyoming",2.32,1.69,3.19,4,"Drug"
"928",463,"Wyoming",2.4,1.74,3.31,4,"Drug"
"929",464,"Wyoming",2.09,1.54,2.82,4,"Drug"
"930",465,"Wyoming",2.03,1.46,2.81,4,"Drug"
